#ignore rows that start with a '#',,,,,,
,,,,,,
"#Item format: ""modname:item_name:metadata {nbt_data}"" metadata and {nbt_data} are optional. Can also use crafttweaker formatting (eg. ""modname:item_name:metadata.withTag{nbt_data}"")",,,,,,
"#Fluid format: ""fluid:fluid_name"" where fluid is literal. Can also use crafttweaker formatting",,,,,,
,,,,,,
"#Other configurations found within adminshop.cfg, such as selling price of Forge Energy",,,,,,
#See the examples below with the default shop,,,,,,
,,,,,,
#Category names for buy and sell. Put the category name in each column after the first,,,,,,
Buy Category Names:,斯巴达材料,武器材料,防具材料,工具材料,附魔书,杂物
Sell Category Names:,矿物,杂物,,,,
,,,,,,
,,,,,,
#buy or sell (from player's perspective),Item/Fluid,Price,Category Index (starting from 0),,,
buy,iceandfire:dragonbone,64,0,,,
buy,contenttweaker:steel_block,128,0,,,
buy,iceandfire:silver_block,128,0,,,
buy,contenttweaker:fire_block,128,0,,,
buy,contenttweaker:ice_block,128,0,,,
buy,twilightforest:block_storage:2,128,0,,,
buy,twilightforest:knightmetal_block,128,0,,,
buy,twilightforest:block_storage:1,128,0,,,
buy,contenttweaker:platinum_block,128,0,,,
buy,contenttweaker:electrum_block,128,0,,,
buy,contenttweaker:invar_block,128,0,,,
#,,,,,,
buy,iceandfire:dragonbone,64,1,,,
buy,nyx:meteor_block,128,1,,,
buy,nyx:star_block,128,1,,,
buy,nyx:crystal,64,1,,,
buy,mod_lavacow:scythe_claw,64,1,,,
buy,mod_lavacow:emblem_of_king,64,1,,,
buy,iceandfire:fire_dragon_blood,64,1,,,
buy,iceandfire:ice_dragon_blood,64,1,,,
buy,iceandfire:myrmex_desert_chitin,64,1,,,
buy,iceandfire:myrmex_jungle_chitin,64,1,,,
buy,contenttweaker:aquatic_block,128,1,,,
buy,contenttweaker:terran_block,128,1,,,
buy,contenttweaker:corrupted_block,128,1,,,
buy,divinerpg:realmite_block,128,1,,,
buy,contenttweaker:poison_block,128,1,,,
buy,divinerpg:arlemite_block,128,1,,,
buy,artifacts:flame_pendant,64,1,,,
buy,twilightforest:knightmetal_block,128,1,,,
buy,twilightforest:block_storage:1,128,1,,,
buy,legendera:flame_essence,128,1,,,
buy,legendera:devildom_amethyst_block,128,1,,,
buy,divinerpg:bluefire_stone,128,1,,,
buy,contenttweaker:purpleblaze_block,128,1,,,
buy,minecraft:blaze_rod,128,1,,,
buy,contenttweaker:divine_block,128,1,,,
buy,divinerpg:bloodgem_block,128,1,,,
buy,theaurorian:aurorianiteingot,64,1,,,
buy,theaurorian:auroriansteelblock,128,1,,,
buy,abyssalcraft:ingotblock:1,128,1,,,
buy,abyssalcraft:ingotblock:2,128,1,,,
buy,abyssalcraft:ingotblock:3,128,1,,,
buy,divinerpg:eden_chunk,128,1,,,
buy,divinerpg:skythern_chunk,128,1,,,
buy,divinerpg:apalachia_chunk,128,1,,,
buy,divinerpg:wildwood_chunk,128,1,,,
buy,divinerpg:mortum_chunk,128,1,,,
buy,contenttweaker:halite_block,256,1,,,
#,,,,,,
buy,sakura:sakura_diamond_block,128,2,,,
buy,nyx:meteor_block,128,2,,,
buy,abyssalcraft:ingotblock,128,2,,,
buy,contenttweaker:aquatic_block,128,2,,,
buy,divinerpg:realmite_block,128,2,,,
buy,divinerpg:shadow_stone,128,2,,,
buy,contenttweaker:poison_block,128,2,,,
buy,contenttweaker:terran_block,128,2,,,
buy,contenttweaker:corrupted_block,128,2,,,
buy,iceandfire:sea_serpent_scales_blue,32,2,,,
buy,iceandfire:sea_serpent_scales_bronze,32,2,,,
buy,iceandfire:sea_serpent_scales_deepblue,32,2,,,
buy,iceandfire:sea_serpent_scales_green,32,2,,,
buy,iceandfire:sea_serpent_scales_purple,32,2,,,
buy,iceandfire:sea_serpent_scales_red,32,2,,,
buy,iceandfire:sea_serpent_scales_teal,32,2,,,
buy,iceandfire:dragonscales_red,32,2,,,
buy,iceandfire:dragonscales_green,32,2,,,
buy,iceandfire:dragonscales_bronze,32,2,,,
buy,iceandfire:dragonscales_gray,32,2,,,
buy,iceandfire:dragonscales_blue,32,2,,,
buy,iceandfire:dragonscales_white,32,2,,,
buy,iceandfire:dragonscales_sapphire,32,2,,,
buy,iceandfire:dragonscales_silver,32,2,,,
buy,contenttweaker:dice_block,128,2,,,
buy,divinerpg:arlemite_block,128,2,,,
buy,divinerpg:rupee_block,128,2,,,
buy,divinerpg:bedrock_chunk,128,2,,,
buy,divinerpg:bluefire_stone,128,2,,,
buy,futuremc:netherite_block,128,2,,,
buy,divinerpg:molten_stone,128,2,,,
buy,divinerpg:netherite_block,128,2,,,
buy,contenttweaker:divine_block,128,2,,,
buy,theaurorian:spectralsilk,32,2,,,
buy,theaurorian:auroriansteelblock,128,2,,,
buy,twilightforest:knightmetal_block,128,2,,,
buy,twilightforest:block_storage:1,128,2,,,
buy,twilightforest:alpha_fur,32,2,,,
buy,legendera:devildom_amethyst_block,128,2,,,
buy,theaurorian:ceruleanblock,128,2,,,
buy,divinerpg:mortum_chunk,128,2,,,
buy,contenttweaker:halite_block,256,2,,,
buy,contenttweaker:awakenedhalite_block,256,2,,,
buy,abyssalcraft:ingotblock:1,128,2,,,
buy,abyssalcraft:platec,128,2,,,
buy,abyssalcraft:ingotblock:2,128,2,,,
buy,abyssalcraft:dreadplate,128,2,,,
buy,abyssalcraft:ingotblock:3,128,2,,,
buy,divinerpg:eden_chunk,128,2,,,
buy,divinerpg:wildwood_chunk,128,2,,,
buy,divinerpg:apalachia_chunk,128,2,,,
buy,divinerpg:skythern_chunk,128,2,,,
#,,,,,,
buy,contenttweaker:corrupted_block,128,3,,,
buy,divinerpg:bedrock_chunk,128,3,,,
buy,divinerpg:arlemite_block,128,3,,,
buy,defiledlands:umbrium_block,64,3,,,
buy,defiledlands:ravaging_ingot,64,3,,,
buy,mod_lavacow:weta_jaw,64,3,,,
buy,mod_lavacow:moltenbeef,64,3,,,
buy,divinerpg:realmite_block,128,3,,,
buy,divinerpg:rupee_block,128,3,,,
buy,abyssalcraft:ingotblock,128,3,,,
buy,abyssalcraft:ingotblock:2,128,3,,,
buy,sakura:sakura_diamond_block,128,3,,,
buy,theaurorian:auroriansteelblock,128,3,,,
buy,twilightforest:knightmetal_block,128,3,,,
buy,twilightforest:block_storage:1,128,3,,,
buy,legendera:devildom_amethyst_block,128,3,,,
buy,abyssalcraft:ingotblock:1,128,3,,,
buy,abyssalcraft:ingotblock:2,128,3,,,
buy,abyssalcraft:ingotblock:3,128,3,,,
buy,contenttweaker:divine_block,128,3,,,
buy,futuremc:netherite_ingot,128,3,,,
buy,legendera:evilkind_god_core,128,3,,,
buy,divinerpg:wildwood_chunk,128,3,,,
buy,divinerpg:apalachia_chunk,128,3,,,
buy,divinerpg:skythern_chunk,128,3,,,
buy,divinerpg:mortum_chunk,128,3,,,
buy,divinerpg:eden_chunk,128,3,,,
#,,,,,,
sell,minecraft:coal_block,2,0,,,
sell,minecraft:redstone_block,2,0,,,
sell,minecraft:lapis_block,2,0,,,
sell,minecraft:gold_ingot,2,0,,,
sell,minecraft:emerald,2,0,,,
sell,minecraft:diamond,2,0,,,
sell,minecraft:quartz,2,0,,,
sell,minecraft:glowstone,2,0,,,
sell,minecraft:flint,1,1,,,
sell,minecraft:leather,1,1,,,
sell,minecraft:string,1,1,,,
sell,minecraft:slime_ball,1,1,,,
sell,minecraft:ender_pearl,1,1,,,
sell,minecraft:blaze_rod,1,1,,,
sell,minecraft:ghast_tear,1,1,,,
sell,minecraft:prismarine_crystals,1,1,,,
sell,minecraft:dye:15,1,1,,,
sell,minecraft:dye,1,1,,,
sell,minecraft:nether_wart,1,1,,,
sell,minecraft:magma_cream,1,1,,,
sell,minecraft:obsidian,1,1,,,
sell,minecraft:sand,1,1,,,
sell,minecraft:soul_sand,1,1,,,
sell,minecraft:log,1,1,,,
#,,,,,,
buy,"minecraft:enchanted_book {StoredEnchantments:[{lvl:1, id:0}]}",200,4,,,
buy,"minecraft:enchanted_book {StoredEnchantments:[{lvl:1, id:1}]}",200,4,,,
buy,"minecraft:enchanted_book {StoredEnchantments:[{lvl:1, id:2}]}",200,4,,,
buy,"minecraft:enchanted_book {StoredEnchantments:[{lvl:1, id:3}]}",200,4,,,
buy,"minecraft:enchanted_book {StoredEnchantments:[{lvl:1, id:4}]}",200,4,,,
buy,"minecraft:enchanted_book {StoredEnchantments:[{lvl:1, id:5}]}",200,4,,,
buy,"minecraft:enchanted_book {StoredEnchantments:[{lvl:1, id:6}]}",200,4,,,
buy,"minecraft:enchanted_book {StoredEnchantments:[{lvl:1, id:7}]}",200,4,,,
buy,"minecraft:enchanted_book {StoredEnchantments:[{lvl:1, id:8}]}",200,4,,,
buy,"minecraft:enchanted_book {StoredEnchantments:[{lvl:1, id:9}]}",200,4,,,
buy,"minecraft:enchanted_book {StoredEnchantments:[{lvl:1, id:10}]}",200,4,,,
buy,"minecraft:enchanted_book {StoredEnchantments:[{lvl:1, id:11}]}",200,4,,,
buy,"minecraft:enchanted_book {StoredEnchantments:[{lvl:1, id:12}]}",200,4,,,
buy,"minecraft:enchanted_book {StoredEnchantments:[{lvl:1, id:14}]}",200,4,,,
buy,"minecraft:enchanted_book {StoredEnchantments:[{lvl:1, id:16}]}",200,4,,,
buy,"minecraft:enchanted_book {StoredEnchantments:[{lvl:1, id:17}]}",200,4,,,
buy,"minecraft:enchanted_book {StoredEnchantments:[{lvl:1, id:18}]}",200,4,,,
buy,"minecraft:enchanted_book {StoredEnchantments:[{lvl:1, id:19}]}",200,4,,,
buy,"minecraft:enchanted_book {StoredEnchantments:[{lvl:1, id:20}]}",200,4,,,
buy,"minecraft:enchanted_book {StoredEnchantments:[{lvl:1, id:21}]}",200,4,,,
buy,"minecraft:enchanted_book {StoredEnchantments:[{lvl:1, id:22}]}",200,4,,,
buy,"minecraft:enchanted_book {StoredEnchantments:[{lvl:1, id:26}]}",200,4,,,
buy,"minecraft:enchanted_book {StoredEnchantments:[{lvl:1, id:27}]}",200,4,,,
buy,"minecraft:enchanted_book {StoredEnchantments:[{lvl:1, id:28}]}",200,4,,,
buy,"minecraft:enchanted_book {StoredEnchantments:[{lvl:1, id:29}]}",200,4,,,
buy,"minecraft:enchanted_book {StoredEnchantments:[{lvl:1, id:30}]}",200,4,,,
buy,"minecraft:enchanted_book {StoredEnchantments:[{lvl:1, id:31}]}",200,4,,,
buy,"minecraft:enchanted_book {StoredEnchantments:[{lvl:1, id:32}]}",200,4,,,
buy,"minecraft:enchanted_book {StoredEnchantments:[{lvl:1, id:33}]}",200,4,,,
buy,"minecraft:enchanted_book {StoredEnchantments:[{lvl:1, id:34}]}",200,4,,,
buy,"minecraft:enchanted_book {StoredEnchantments:[{lvl:1, id:35}]}",200,4,,,
buy,"minecraft:enchanted_book {StoredEnchantments:[{lvl:1, id:36}]}",200,4,,,
buy,"minecraft:enchanted_book {StoredEnchantments:[{lvl:1, id:37}]}",200,4,,,
buy,"minecraft:enchanted_book {StoredEnchantments:[{lvl:1, id:38}]}",200,4,,,
buy,"minecraft:enchanted_book {StoredEnchantments:[{lvl:1, id:39}]}",200,4,,,
buy,"minecraft:enchanted_book {StoredEnchantments:[{lvl:1, id:40}]}",200,4,,,
buy,"minecraft:enchanted_book {StoredEnchantments:[{lvl:1, id:41}]}",200,4,,,
buy,"minecraft:enchanted_book {StoredEnchantments:[{lvl:1, id:42}]}",200,4,,,
buy,"minecraft:enchanted_book {StoredEnchantments:[{lvl:1, id:43}]}",200,4,,,
buy,"minecraft:enchanted_book {StoredEnchantments:[{lvl:1, id:44}]}",200,4,,,
buy,"minecraft:enchanted_book {StoredEnchantments:[{lvl:1, id:45}]}",200,4,,,
buy,"minecraft:enchanted_book {StoredEnchantments:[{lvl:1, id:46}]}",200,4,,,
buy,"minecraft:enchanted_book {StoredEnchantments:[{lvl:1, id:47}]}",200,4,,,
buy,"minecraft:enchanted_book {StoredEnchantments:[{lvl:1, id:48}]}",200,4,,,
buy,"minecraft:enchanted_book {StoredEnchantments:[{lvl:1, id:49}]}",200,4,,,
buy,"minecraft:enchanted_book {StoredEnchantments:[{lvl:1, id:50}]}",200,4,,,
buy,"minecraft:enchanted_book {StoredEnchantments:[{lvl:1, id:51}]}",200,4,,,
buy,"minecraft:enchanted_book {StoredEnchantments:[{lvl:1, id:52}]}",200,4,,,
buy,"minecraft:enchanted_book {StoredEnchantments:[{lvl:1, id:53}]}",200,4,,,
buy,"minecraft:enchanted_book {StoredEnchantments:[{lvl:1, id:54}]}",200,4,,,
buy,"minecraft:enchanted_book {StoredEnchantments:[{lvl:1, id:55}]}",200,4,,,
buy,"minecraft:enchanted_book {StoredEnchantments:[{lvl:1, id:56}]}",200,4,,,
buy,"minecraft:enchanted_book {StoredEnchantments:[{lvl:1, id:57}]}",200,4,,,
buy,"minecraft:enchanted_book {StoredEnchantments:[{lvl:1, id:58}]}",200,4,,,
buy,"minecraft:enchanted_book {StoredEnchantments:[{lvl:1, id:59}]}",200,4,,,
buy,"minecraft:enchanted_book {StoredEnchantments:[{lvl:1, id:60}]}",200,4,,,
buy,"minecraft:enchanted_book {StoredEnchantments:[{lvl:1, id:61}]}",200,4,,,
buy,"minecraft:enchanted_book {StoredEnchantments:[{lvl:1, id:62}]}",200,4,,,
buy,"minecraft:enchanted_book {StoredEnchantments:[{lvl:1, id:63}]}",200,4,,,
buy,"minecraft:enchanted_book {StoredEnchantments:[{lvl:1, id:64}]}",200,4,,,
buy,"minecraft:enchanted_book {StoredEnchantments:[{lvl:1, id:65}]}",200,4,,,
buy,"minecraft:enchanted_book {StoredEnchantments:[{lvl:1, id:66}]}",200,4,,,
buy,"minecraft:enchanted_book {StoredEnchantments:[{lvl:1, id:67}]}",200,4,,,
buy,"minecraft:enchanted_book {StoredEnchantments:[{lvl:1, id:68}]}",200,4,,,
buy,"minecraft:enchanted_book {StoredEnchantments:[{lvl:1, id:69}]}",200,4,,,
buy,"minecraft:enchanted_book {StoredEnchantments:[{lvl:1, id:70}]}",200,4,,,
buy,"minecraft:enchanted_book {StoredEnchantments:[{lvl:1, id:71}]}",200,4,,,
buy,"minecraft:enchanted_book {StoredEnchantments:[{lvl:1, id:72}]}",200,4,,,
buy,"minecraft:enchanted_book {StoredEnchantments:[{lvl:1, id:73}]}",200,4,,,
buy,"minecraft:enchanted_book {StoredEnchantments:[{lvl:1, id:74}]}",200,4,,,
buy,"minecraft:enchanted_book {StoredEnchantments:[{lvl:1, id:75}]}",200,4,,,
buy,"minecraft:enchanted_book {StoredEnchantments:[{lvl:1, id:76}]}",200,4,,,
buy,"minecraft:enchanted_book {StoredEnchantments:[{lvl:1, id:77}]}",200,4,,,
buy,"minecraft:enchanted_book {StoredEnchantments:[{lvl:1, id:78}]}",200,4,,,
buy,"minecraft:enchanted_book {StoredEnchantments:[{lvl:1, id:79}]}",200,4,,,
buy,"minecraft:enchanted_book {StoredEnchantments:[{lvl:1, id:80}]}",200,4,,,
buy,"minecraft:enchanted_book {StoredEnchantments:[{lvl:1, id:81}]}",200,4,,,
buy,"minecraft:enchanted_book {StoredEnchantments:[{lvl:1, id:82}]}",200,4,,,
buy,"minecraft:enchanted_book {StoredEnchantments:[{lvl:1, id:83}]}",200,4,,,
buy,"minecraft:enchanted_book {StoredEnchantments:[{lvl:1, id:84}]}",200,4,,,
buy,"minecraft:enchanted_book {StoredEnchantments:[{lvl:1, id:85}]}",200,4,,,
buy,"minecraft:enchanted_book {StoredEnchantments:[{lvl:1, id:86}]}",200,4,,,
buy,"minecraft:enchanted_book {StoredEnchantments:[{lvl:1, id:87}]}",200,4,,,
buy,"minecraft:enchanted_book {StoredEnchantments:[{lvl:1, id:88}]}",200,4,,,
buy,"minecraft:enchanted_book {StoredEnchantments:[{lvl:1, id:89}]}",200,4,,,
buy,"minecraft:enchanted_book {StoredEnchantments:[{lvl:1, id:90}]}",200,4,,,
buy,"minecraft:enchanted_book {StoredEnchantments:[{lvl:1, id:91}]}",200,4,,,
buy,"minecraft:enchanted_book {StoredEnchantments:[{lvl:1, id:92}]}",200,4,,,
buy,"minecraft:enchanted_book {StoredEnchantments:[{lvl:1, id:93}]}",200,4,,,
buy,"minecraft:enchanted_book {StoredEnchantments:[{lvl:1, id:94}]}",200,4,,,
buy,"minecraft:enchanted_book {StoredEnchantments:[{lvl:1, id:95}]}",200,4,,,
buy,"minecraft:enchanted_book {StoredEnchantments:[{lvl:1, id:96}]}",200,4,,,
buy,"minecraft:enchanted_book {StoredEnchantments:[{lvl:1, id:97}]}",200,4,,,
buy,"minecraft:enchanted_book {StoredEnchantments:[{lvl:1, id:98}]}",200,4,,,
buy,"minecraft:enchanted_book {StoredEnchantments:[{lvl:1, id:99}]}",200,4,,,
buy,"minecraft:enchanted_book {StoredEnchantments:[{lvl:1, id:100}]}",200,4,,,
buy,"minecraft:enchanted_book {StoredEnchantments:[{lvl:1, id:101}]}",200,4,,,
buy,"minecraft:enchanted_book {StoredEnchantments:[{lvl:1, id:102}]}",200,4,,,
buy,"minecraft:enchanted_book {StoredEnchantments:[{lvl:1, id:103}]}",200,4,,,
buy,"minecraft:enchanted_book {StoredEnchantments:[{lvl:1, id:104}]}",200,4,,,
buy,"minecraft:enchanted_book {StoredEnchantments:[{lvl:1, id:105}]}",200,4,,,
buy,"minecraft:enchanted_book {StoredEnchantments:[{lvl:1, id:106}]}",200,4,,,
buy,"minecraft:enchanted_book {StoredEnchantments:[{lvl:1, id:107}]}",200,4,,,
buy,"minecraft:enchanted_book {StoredEnchantments:[{lvl:1, id:108}]}",200,4,,,
buy,"minecraft:enchanted_book {StoredEnchantments:[{lvl:1, id:109}]}",200,4,,,
buy,"minecraft:enchanted_book {StoredEnchantments:[{lvl:1, id:110}]}",200,4,,,
buy,"minecraft:enchanted_book {StoredEnchantments:[{lvl:1, id:111}]}",200,4,,,
buy,"minecraft:enchanted_book {StoredEnchantments:[{lvl:1, id:112}]}",200,4,,,
buy,"minecraft:enchanted_book {StoredEnchantments:[{lvl:1, id:113}]}",200,4,,,
buy,"minecraft:enchanted_book {StoredEnchantments:[{lvl:1, id:114}]}",200,4,,,
buy,"minecraft:enchanted_book {StoredEnchantments:[{lvl:1, id:115}]}",200,4,,,
buy,"minecraft:enchanted_book {StoredEnchantments:[{lvl:1, id:116}]}",200,4,,,
buy,"minecraft:enchanted_book {StoredEnchantments:[{lvl:1, id:117}]}",200,4,,,
buy,"minecraft:enchanted_book {StoredEnchantments:[{lvl:1, id:118}]}",200,4,,,
buy,"minecraft:enchanted_book {StoredEnchantments:[{lvl:1, id:119}]}",200,4,,,
buy,"minecraft:enchanted_book {StoredEnchantments:[{lvl:1, id:120}]}",200,4,,,
buy,"minecraft:enchanted_book {StoredEnchantments:[{lvl:1, id:121}]}",200,4,,,
buy,"minecraft:enchanted_book {StoredEnchantments:[{lvl:1, id:122}]}",200,4,,,
buy,"minecraft:enchanted_book {StoredEnchantments:[{lvl:1, id:123}]}",200,4,,,
buy,"minecraft:enchanted_book {StoredEnchantments:[{lvl:1, id:124}]}",200,4,,,
buy,"minecraft:enchanted_book {StoredEnchantments:[{lvl:1, id:125}]}",200,4,,,
buy,"minecraft:enchanted_book {StoredEnchantments:[{lvl:1, id:126}]}",200,4,,,
buy,"minecraft:enchanted_book {StoredEnchantments:[{lvl:1, id:127}]}",200,4,,,
buy,"minecraft:enchanted_book {StoredEnchantments:[{lvl:1, id:128}]}",200,4,,,
buy,"minecraft:enchanted_book {StoredEnchantments:[{lvl:1, id:129}]}",200,4,,,
buy,"minecraft:enchanted_book {StoredEnchantments:[{lvl:1, id:130}]}",200,4,,,
buy,"minecraft:enchanted_book {StoredEnchantments:[{lvl:1, id:131}]}",200,4,,,
buy,"minecraft:enchanted_book {StoredEnchantments:[{lvl:1, id:132}]}",200,4,,,
buy,"minecraft:enchanted_book {StoredEnchantments:[{lvl:1, id:133}]}",200,4,,,
buy,"minecraft:enchanted_book {StoredEnchantments:[{lvl:1, id:134}]}",200,4,,,
buy,"minecraft:enchanted_book {StoredEnchantments:[{lvl:1, id:135}]}",200,4,,,
buy,"minecraft:enchanted_book {StoredEnchantments:[{lvl:1, id:136}]}",200,4,,,
buy,"minecraft:enchanted_book {StoredEnchantments:[{lvl:1, id:137}]}",200,4,,,
buy,"minecraft:enchanted_book {StoredEnchantments:[{lvl:1, id:138}]}",200,4,,,
buy,"minecraft:enchanted_book {StoredEnchantments:[{lvl:1, id:139}]}",200,4,,,
buy,"minecraft:enchanted_book {StoredEnchantments:[{lvl:1, id:140}]}",200,4,,,
buy,"minecraft:enchanted_book {StoredEnchantments:[{lvl:1, id:141}]}",200,4,,,
buy,"minecraft:enchanted_book {StoredEnchantments:[{lvl:1, id:142}]}",200,4,,,
buy,"minecraft:enchanted_book {StoredEnchantments:[{lvl:1, id:143}]}",200,4,,,
buy,"minecraft:enchanted_book {StoredEnchantments:[{lvl:1, id:144}]}",200,4,,,
buy,"minecraft:enchanted_book {StoredEnchantments:[{lvl:1, id:145}]}",200,4,,,
buy,"minecraft:enchanted_book {StoredEnchantments:[{lvl:1, id:146}]}",200,4,,,
buy,"minecraft:enchanted_book {StoredEnchantments:[{lvl:1, id:147}]}",200,4,,,
buy,"minecraft:enchanted_book {StoredEnchantments:[{lvl:1, id:148}]}",200,4,,,
buy,"minecraft:enchanted_book {StoredEnchantments:[{lvl:1, id:149}]}",200,4,,,
buy,"minecraft:enchanted_book {StoredEnchantments:[{lvl:1, id:150}]}",200,4,,,
buy,"minecraft:enchanted_book {StoredEnchantments:[{lvl:1, id:151}]}",200,4,,,
buy,"minecraft:enchanted_book {StoredEnchantments:[{lvl:1, id:152}]}",200,4,,,
buy,"minecraft:enchanted_book {StoredEnchantments:[{lvl:1, id:153}]}",200,4,,,
buy,"minecraft:enchanted_book {StoredEnchantments:[{lvl:1, id:154}]}",200,4,,,
buy,"minecraft:enchanted_book {StoredEnchantments:[{lvl:1, id:155}]}",200,4,,,
buy,"minecraft:enchanted_book {StoredEnchantments:[{lvl:1, id:156}]}",200,4,,,
buy,"minecraft:enchanted_book {StoredEnchantments:[{lvl:1, id:157}]}",200,4,,,
buy,"minecraft:enchanted_book {StoredEnchantments:[{lvl:1, id:158}]}",200,4,,,
buy,"minecraft:enchanted_book {StoredEnchantments:[{lvl:1, id:159}]}",200,4,,,
buy,"minecraft:enchanted_book {StoredEnchantments:[{lvl:1, id:160}]}",200,4,,,
buy,"minecraft:enchanted_book {StoredEnchantments:[{lvl:1, id:161}]}",200,4,,,
buy,"minecraft:enchanted_book {StoredEnchantments:[{lvl:1, id:162}]}",200,4,,,
buy,"minecraft:enchanted_book {StoredEnchantments:[{lvl:1, id:163}]}",200,4,,,
buy,"minecraft:enchanted_book {StoredEnchantments:[{lvl:1, id:164}]}",200,4,,,
buy,"minecraft:enchanted_book {StoredEnchantments:[{lvl:1, id:165}]}",200,4,,,
buy,"minecraft:enchanted_book {StoredEnchantments:[{lvl:1, id:166}]}",200,4,,,
buy,"minecraft:enchanted_book {StoredEnchantments:[{lvl:1, id:167}]}",200,4,,,
buy,"minecraft:enchanted_book {StoredEnchantments:[{lvl:1, id:168}]}",200,4,,,
buy,"minecraft:enchanted_book {StoredEnchantments:[{lvl:1, id:169}]}",200,4,,,
buy,"minecraft:enchanted_book {StoredEnchantments:[{lvl:1, id:170}]}",200,4,,,
buy,"minecraft:enchanted_book {StoredEnchantments:[{lvl:1, id:171}]}",200,4,,,
buy,"minecraft:enchanted_book {StoredEnchantments:[{lvl:1, id:172}]}",200,4,,,
buy,"minecraft:enchanted_book {StoredEnchantments:[{lvl:1, id:173}]}",200,4,,,
buy,"minecraft:enchanted_book {StoredEnchantments:[{lvl:1, id:174}]}",200,4,,,
buy,"minecraft:enchanted_book {StoredEnchantments:[{lvl:1, id:175}]}",200,4,,,
buy,"minecraft:enchanted_book {StoredEnchantments:[{lvl:1, id:176}]}",200,4,,,
buy,"minecraft:enchanted_book {StoredEnchantments:[{lvl:1, id:177}]}",200,4,,,
buy,"minecraft:enchanted_book {StoredEnchantments:[{lvl:1, id:178}]}",200,4,,,
buy,"minecraft:enchanted_book {StoredEnchantments:[{lvl:1, id:179}]}",200,4,,,
buy,"minecraft:enchanted_book {StoredEnchantments:[{lvl:1, id:180}]}",200,4,,,
buy,"minecraft:enchanted_book {StoredEnchantments:[{lvl:1, id:181}]}",200,4,,,
buy,"minecraft:enchanted_book {StoredEnchantments:[{lvl:1, id:182}]}",200,4,,,
buy,"minecraft:enchanted_book {StoredEnchantments:[{lvl:1, id:183}]}",200,4,,,
buy,"minecraft:enchanted_book {StoredEnchantments:[{lvl:1, id:184}]}",200,4,,,
buy,"minecraft:enchanted_book {StoredEnchantments:[{lvl:1, id:185}]}",200,4,,,
buy,"minecraft:enchanted_book {StoredEnchantments:[{lvl:1, id:186}]}",200,4,,,
buy,"minecraft:enchanted_book {StoredEnchantments:[{lvl:1, id:187}]}",200,4,,,
buy,"minecraft:enchanted_book {StoredEnchantments:[{lvl:1, id:188}]}",200,4,,,
buy,"minecraft:enchanted_book {StoredEnchantments:[{lvl:1, id:189}]}",200,4,,,
buy,"minecraft:enchanted_book {StoredEnchantments:[{lvl:1, id:190}]}",200,4,,,
buy,"minecraft:enchanted_book {StoredEnchantments:[{lvl:1, id:191}]}",200,4,,,
buy,"minecraft:enchanted_book {StoredEnchantments:[{lvl:1, id:192}]}",200,4,,,
buy,"minecraft:enchanted_book {StoredEnchantments:[{lvl:1, id:193}]}",200,4,,,
buy,"minecraft:enchanted_book {StoredEnchantments:[{lvl:1, id:194}]}",200,4,,,
buy,"minecraft:enchanted_book {StoredEnchantments:[{lvl:1, id:195}]}",200,4,,,
buy,"minecraft:enchanted_book {StoredEnchantments:[{lvl:1, id:196}]}",200,4,,,
buy,"minecraft:enchanted_book {StoredEnchantments:[{lvl:1, id:197}]}",200,4,,,
buy,"minecraft:enchanted_book {StoredEnchantments:[{lvl:1, id:198}]}",200,4,,,
buy,"minecraft:enchanted_book {StoredEnchantments:[{lvl:1, id:199}]}",200,4,,,
buy,"minecraft:enchanted_book {StoredEnchantments:[{lvl:1, id:200}]}",200,4,,,
buy,"minecraft:enchanted_book {StoredEnchantments:[{lvl:1, id:201}]}",200,4,,,
buy,"minecraft:enchanted_book {StoredEnchantments:[{lvl:1, id:202}]}",200,4,,,
buy,"minecraft:enchanted_book {StoredEnchantments:[{lvl:1, id:203}]}",200,4,,,
buy,"minecraft:enchanted_book {StoredEnchantments:[{lvl:1, id:204}]}",200,4,,,
buy,"minecraft:enchanted_book {StoredEnchantments:[{lvl:1, id:205}]}",200,4,,,
buy,"minecraft:enchanted_book {StoredEnchantments:[{lvl:1, id:206}]}",200,4,,,
buy,"minecraft:enchanted_book {StoredEnchantments:[{lvl:1, id:207}]}",200,4,,,
buy,"minecraft:enchanted_book {StoredEnchantments:[{lvl:1, id:208}]}",200,4,,,
buy,"minecraft:enchanted_book {StoredEnchantments:[{lvl:1, id:209}]}",200,4,,,
buy,"minecraft:enchanted_book {StoredEnchantments:[{lvl:1, id:210}]}",200,4,,,
buy,"minecraft:enchanted_book {StoredEnchantments:[{lvl:1, id:211}]}",200,4,,,
buy,"minecraft:enchanted_book {StoredEnchantments:[{lvl:1, id:212}]}",200,4,,,
buy,"minecraft:enchanted_book {StoredEnchantments:[{lvl:1, id:213}]}",200,4,,,
buy,"minecraft:enchanted_book {StoredEnchantments:[{lvl:1, id:214}]}",200,4,,,
buy,"minecraft:enchanted_book {StoredEnchantments:[{lvl:1, id:215}]}",200,4,,,
buy,"minecraft:enchanted_book {StoredEnchantments:[{lvl:1, id:216}]}",200,4,,,
buy,"minecraft:enchanted_book {StoredEnchantments:[{lvl:1, id:217}]}",200,4,,,
buy,"minecraft:enchanted_book {StoredEnchantments:[{lvl:1, id:218}]}",200,4,,,
buy,"minecraft:enchanted_book {StoredEnchantments:[{lvl:1, id:219}]}",200,4,,,
buy,"minecraft:enchanted_book {StoredEnchantments:[{lvl:1, id:220}]}",200,4,,,
buy,"minecraft:enchanted_book {StoredEnchantments:[{lvl:1, id:221}]}",200,4,,,
buy,"minecraft:enchanted_book {StoredEnchantments:[{lvl:1, id:222}]}",200,4,,,
buy,"minecraft:enchanted_book {StoredEnchantments:[{lvl:1, id:223}]}",200,4,,,
buy,"minecraft:enchanted_book {StoredEnchantments:[{lvl:1, id:224}]}",200,4,,,
buy,"minecraft:enchanted_book {StoredEnchantments:[{lvl:1, id:225}]}",200,4,,,
buy,"minecraft:enchanted_book {StoredEnchantments:[{lvl:1, id:226}]}",200,4,,,
buy,"minecraft:enchanted_book {StoredEnchantments:[{lvl:1, id:227}]}",200,4,,,
buy,"minecraft:enchanted_book {StoredEnchantments:[{lvl:1, id:228}]}",200,4,,,
#,,,,,,
buy,futuremc:red_nether_brick_wall,16,5,,,
buy,futuremc:nether_brick_wall,16,5,,,
buy,futuremc:mossy_stone_brick_wall,16,5,,,
buy,futuremc:red_sandstone_wall,16,5,,,
buy,futuremc:stone_brick_wall,16,5,,,
buy,"minecraft:spawn_egg.withTag({EntityTag: {id: ""futuremc:bee""}})",16,5,,,
buy,"minecraft:spawn_egg.withTag({EntityTag: {id: ""futuremc:panda""}})",16,5,,,
buy,futuremc:loom,16,5,,,
buy,futuremc:blast_furnace,16,5,,,
buy,futuremc:smoker,16,5,,,
buy,futuremc:barrel,16,5,,,
buy,futuremc:stonecutter,16,5,,,
buy,futuremc:soul_fire_lantern,16,5,,,
buy,futuremc:lantern,16,5,,,
buy,futuremc:soul_fire_torch,16,5,,,
buy,futuremc:cartography_table,16,5,,,
buy,futuremc:fletching_table,16,5,,,
buy,futuremc:smithing_table,16,5,,,
buy,futuremc:honeycomb_block,16,5,,,
buy,futuremc:honeycomb,16,5,,,
buy,futuremc:honey_block,16,5,,,
buy,futuremc:bee_nest,16,5,,,
buy,futuremc:beehive,16,5,,,
buy,futuremc:scaffolding,16,5,,,
buy,futuremc:honey_bottle,16,5,,,
buy,futuremc:campfire,16,5,,,
buy,futuremc:bell,16,5,,,
buy,futuremc:sandstone_wall,16,5,,,
buy,futuremc:diorite_wall,16,5,,,
buy,futuremc:andesite_wall,16,5,,,
buy,futuremc:granite_wall,16,5,,,
buy,futuremc:brick_wall,16,5,,,
buy,futuremc:prismarine_wall,16,5,,,
buy,futuremc:end_stone_brick_wall,16,5,,,
buy,"minecraft:potion.withTag({Potion: ""minecraft:harming""})",16,5,,,
buy,"minecraft:potion.withTag({Potion: ""minecraft:strong_harming""})",16,5,,,
buy,"minecraft:potion.withTag({Potion: ""minecraft:poison""})",16,5,,,
buy,"minecraft:potion.withTag({Potion: ""minecraft:long_poison""})",16,5,,,
buy,"minecraft:potion.withTag({Potion: ""minecraft:strong_poison""})",16,5,,,
buy,"minecraft:potion.withTag({Potion: ""minecraft:regeneration""})",16,5,,,
buy,"minecraft:potion.withTag({Potion: ""minecraft:long_strength""})",16,5,,,
buy,"minecraft:potion.withTag({Potion: ""minecraft:strong_strength""})",16,5,,,
buy,"minecraft:potion.withTag({Potion: ""minecraft:weakness""})",16,5,,,
buy,minecraft:snow,16,5,,,
buy,minecraft:ice,16,5,,,
buy,minecraft:bookshelf,16,5,,,
buy,minecraft:sponge,16,5,,,
buy,minecraft:planks,16,5,,,
buy,minecraft:grass,16,5,,,
buy,"minecraft:potion.withTag({Potion: ""minecraft:long_fire_resistance""})",16,5,,,
buy,"minecraft:potion.withTag({Potion: ""minecraft:fire_resistance""})",16,5,,,
buy,"minecraft:potion.withTag({Potion: ""minecraft:strong_leaping""})",16,5,,,
buy,"minecraft:potion.withTag({Potion: ""minecraft:long_leaping""})",16,5,,,
buy,"minecraft:potion.withTag({Potion: ""minecraft:leaping""})",16,5,,,
buy,"minecraft:potion.withTag({Potion: ""minecraft:long_invisibility""})",16,5,,,
buy,"minecraft:potion.withTag({Potion: ""minecraft:invisibility""})",16,5,,,
buy,"minecraft:potion.withTag({Potion: ""minecraft:long_night_vision""})",16,5,,,
buy,"minecraft:potion.withTag({Potion: ""minecraft:night_vision""})",16,5,,,
buy,"minecraft:potion.withTag({Potion: ""minecraft:strong_healing""})",16,5,,,
buy,"minecraft:potion.withTag({Potion: ""minecraft:healing""})",16,5,,,
buy,"minecraft:potion.withTag({Potion: ""minecraft:long_slowness""})",16,5,,,
buy,"minecraft:potion.withTag({Potion: ""minecraft:slowness""})",16,5,,,
buy,"minecraft:potion.withTag({Potion: ""minecraft:strong_swiftness""})",16,5,,,
buy,"minecraft:potion.withTag({Potion: ""minecraft:long_swiftness""})",16,5,,,
buy,"minecraft:potion.withTag({Potion: ""minecraft:swiftness""})",16,5,,,
buy,"minecraft:potion.withTag({Potion: ""minecraft:long_water_breathing""})",16,5,,,
buy,"minecraft:potion.withTag({Potion: ""minecraft:water_breathing""})",16,5,,,
buy,"minecraft:potion.withTag({Potion: ""minecraft:strength""})",16,5,,,
buy,"minecraft:potion.withTag({Potion: ""minecraft:strong_regeneration""})",16,5,,,
buy,"minecraft:potion.withTag({Potion: ""minecraft:long_regeneration""})",16,5,,,
buy,abyssalcraft:abyfence,16,5,,,
buy,"minecraft:potion.withTag({Potion: ""abyssalcraft:antimatter_long""})",16,5,,,
buy,minecraft:record_strad,16,5,,,
buy,"minecraft:potion.withTag({Potion: ""minecraft:long_weakness""})",16,5,,,
buy,"minecraft:potion.withTag({Potion: ""minecraft:luck""})",16,5,,,
buy,minecraft:rabbit_foot,16,5,,,
buy,minecraft:rabbit_stew,16,5,,,
buy,minecraft:rabbit_foot,16,5,,,
buy,minecraft:name_tag,16,5,,,
buy,minecraft:writable_book,16,5,,,
buy,minecraft:record_strad,16,5,,,
buy,minecraft:record_stal,16,5,,,
buy,minecraft:record_mellohi,16,5,,,
buy,minecraft:record_mall,16,5,,,
buy,minecraft:record_far,16,5,,,
buy,minecraft:record_chirp,16,5,,,
buy,minecraft:record_blocks,16,5,,,
buy,minecraft:record_cat,16,5,,,
buy,minecraft:record_13,16,5,,,
buy,minecraft:record_wait,16,5,,,
buy,minecraft:record_11,16,5,,,
buy,minecraft:record_ward,16,5,,,
buy,"minecraft:potion.withTag({Potion: ""abyssalcraft:antimatter_long""})",16,5,,,
buy,"minecraft:potion.withTag({Potion: ""abyssalcraft:antimatter""})",16,5,,,
buy,"minecraft:potion.withTag({Potion: ""abyssalcraft:dplague_strong""})",16,5,,,
buy,"minecraft:potion.withTag({Potion: ""abyssalcraft:dplague_long""})",16,5,,,
buy,"minecraft:potion.withTag({Potion: ""abyssalcraft:dplague""})",16,5,,,
buy,"minecraft:potion.withTag({Potion: ""abyssalcraft:cplague_long""})",16,5,,,
buy,"minecraft:potion.withTag({Potion: ""abyssalcraft:cplague""})",16,5,,,
buy,abyssalcraft:coraliumstone,16,5,,,
buy,abyssalcraft:crystalcluster2:11,16,5,,,
buy,abyssalcraft:crystalcluster2:10,16,5,,,
buy,abyssalcraft:crystalcluster:8,16,5,,,
buy,abyssalcraft:crystalcluster:7,16,5,,,
buy,abyssalcraft:crystalcluster:6,16,5,,,
buy,abyssalcraft:crystalcluster:5,16,5,,,
buy,abyssalcraft:crystalcluster:4,16,5,,,
buy,abyssalcraft:crystalcluster:3,16,5,,,
buy,abyssalcraft:crystalcluster:2,16,5,,,
buy,abyssalcraft:crystalcluster:1,16,5,,,
buy,abyssalcraft:crystalcluster,16,5,,,
buy,abyssalcraft:crystalcluster2:1,16,5,,,
buy,abyssalcraft:crystalcluster2,16,5,,,
buy,abyssalcraft:crystalcluster:15,16,5,,,
buy,abyssalcraft:crystalcluster:14,16,5,,,
buy,abyssalcraft:crystalcluster:13,16,5,,,
buy,abyssalcraft:crystalcluster:12,16,5,,,
buy,abyssalcraft:crystalcluster:11,16,5,,,
buy,abyssalcraft:crystalcluster:10,16,5,,,
buy,abyssalcraft:crystalcluster:9,16,5,,,
buy,abyssalcraft:crystalcluster2:10,16,5,,,
buy,abyssalcraft:crystalcluster2:9,16,5,,,
buy,abyssalcraft:crystalcluster2:8,16,5,,,
buy,abyssalcraft:crystalcluster2:7,16,5,,,
buy,abyssalcraft:crystalcluster2:6,16,5,,,
buy,abyssalcraft:crystalcluster2:5,16,5,,,
buy,abyssalcraft:crystalcluster2:4,16,5,,,
buy,abyssalcraft:crystalcluster2:3,16,5,,,
buy,abyssalcraft:crystalcluster2:2,16,5,,,
buy,betternether:reeds_fence,16,5,,,
buy,betternether:reeds_gate,16,5,,,
buy,betternether:reeds_button,16,5,,,
buy,betternether:reeds_plate,16,5,,,
buy,betternether:cincinnasite_fire_bowl,16,5,,,
buy,betternether:bone_wall,16,5,,,
buy,betternether:nether_brick_wall,16,5,,,
buy,betternether:reeds_ladder,16,5,,,
buy,betternether:pig_statue_01,16,5,,,
buy,abyssalcraft:antidote,16,5,,,
buy,abyssalcraft:antidote:1,16,5,,,
buy,betternether:stalagnate_planks_plate,16,5,,,
buy,betternether:stalagnate_planks_button,16,5,,,
buy,betternether:stalagnate_planks_gate,16,5,,,
buy,betternether:stalagnate_planks_slab_half,16,5,,,
buy,betternether:stalagnate_planks_stairs,16,5,,,
buy,betternether:stalagnate_planks,16,5,,,
buy,betternether:stalagnate_stem,16,5,,,
buy,betternether:nether_reed,16,5,,,
buy,betternether:stalagnate_planks_fence,16,5,,,
buy,betternether:quartz_stained_glass_framed,16,5,,,
buy,betternether:quartz_stained_glass_framed:1,16,5,,,
buy,betternether:quartz_stained_glass_framed:2,16,5,,,
buy,betternether:quartz_stained_glass_framed:3,16,5,,,
buy,betternether:quartz_stained_glass_framed:4,16,5,,,
buy,betternether:quartz_stained_glass_framed:5,16,5,,,
buy,betternether:quartz_stained_glass_framed:6,16,5,,,
buy,betternether:quartz_stained_glass_framed:7,16,5,,,
buy,betternether:quartz_stained_glass:5,16,5,,,
buy,betternether:quartz_stained_glass:4,16,5,,,
buy,betternether:quartz_stained_glass:3,16,5,,,
buy,betternether:quartz_stained_glass:2,16,5,,,
buy,betternether:quartz_stained_glass:1,16,5,,,
buy,betternether:quartz_stained_glass,16,5,,,
buy,betternether:quartz_glass_framed,16,5,,,
buy,betternether:quartz_glass,16,5,,,
buy,betternether:cincinnasite_frame,16,5,,,
buy,betternether:quartz_stained_glass:14,16,5,,,
buy,betternether:quartz_stained_glass:13,16,5,,,
buy,betternether:quartz_stained_glass:12,16,5,,,
buy,betternether:quartz_stained_glass:11,16,5,,,
buy,betternether:quartz_stained_glass:10,16,5,,,
buy,betternether:quartz_stained_glass:9,16,5,,,
buy,betternether:quartz_stained_glass:8,16,5,,,
buy,betternether:quartz_stained_glass:7,16,5,,,
buy,betternether:quartz_stained_glass:6,16,5,,,
buy,betternether:bone_cincinnasite_door,16,5,,,
buy,betternether:bone_reed_door,16,5,,,
buy,betternether:netherrack_furnace,16,5,,,
buy,betternether:quartz_glass_framed_pane,16,5,,,
buy,betternether:quartz_glass_pane,16,5,,,
buy,betternether:cincinnasite_bars,16,5,,,
buy,betternether:quartz_stained_glass:15,16,5,,,
buy,betternether:cincinnasite_forge,16,5,,,
buy,betternether:quartz_stained_glass_framed:8,16,5,,,
buy,biomesoplenty:planks_0,16,5,,,
buy,biomesoplenty:planks_0:1,16,5,,,
buy,biomesoplenty:planks_0:8,16,5,,,
buy,biomesoplenty:planks_0:9,16,5,,,
buy,biomesoplenty:planks_0:10,16,5,,,
buy,biomesoplenty:planks_0:11,16,5,,,
buy,biomesoplenty:planks_0:12,16,5,,,
buy,biomesoplenty:planks_0:13,16,5,,,
buy,biomesoplenty:planks_0:14,16,5,,,
buy,betternether:chest_of_drawers,16,5,,,
buy,betternether:quartz_stained_glass_framed:15,16,5,,,
buy,betternether:quartz_stained_glass_framed:14,16,5,,,
buy,betternether:quartz_stained_glass_framed:13,16,5,,,
buy,betternether:quartz_stained_glass_framed:12,16,5,,,
buy,betternether:quartz_stained_glass_framed:11,16,5,,,
buy,betternether:quartz_stained_glass_framed:10,16,5,,,
buy,betternether:quartz_stained_glass_framed:9,16,5,,,
buy,betternether:stalagnate_bowl_apple,16,5,,,
buy,betternether:stalagnate_bowl_mushroom,16,5,,,
buy,betternether:stalagnate_bowl_wart,16,5,,,
buy,betternether:stalagnate_bowl,16,5,,,
buy,biomesoplenty:gem_block:7,16,5,,,
buy,biomesoplenty:gem_block:6,16,5,,,
buy,biomesoplenty:gem_block:5,16,5,,,
buy,biomesoplenty:gem_block:4,16,5,,,
buy,biomesoplenty:gem_block:3,16,5,,,
buy,biomesoplenty:gem_block:2,16,5,,,
buy,biomesoplenty:gem_block:1,16,5,,,
buy,biomesoplenty:gem_block,16,5,,,
buy,biomesoplenty:planks_0:8,16,5,,,
buy,biomesoplenty:planks_0:7,16,5,,,
buy,biomesoplenty:planks_0:6,16,5,,,
buy,biomesoplenty:planks_0:5,16,5,,,
buy,biomesoplenty:planks_0:4,16,5,,,
buy,biomesoplenty:planks_0:3,16,5,,,
buy,biomesoplenty:planks_0:2,16,5,,,
buy,biomesoplenty:umbran_fence_gate,16,5,,,
buy,biomesoplenty:jacaranda_fence_gate,16,5,,,
buy,biomesoplenty:mahogany_fence_gate,16,5,,,
buy,biomesoplenty:ebony_fence_gate,16,5,,,
buy,biomesoplenty:eucalyptus_fence_gate,16,5,,,
buy,biomesoplenty:pine_fence_gate,16,5,,,
buy,biomesoplenty:planks_0:15,16,5,,,
buy,biomesoplenty:redwood_fence,16,5,,,
buy,biomesoplenty:palm_fence,16,5,,,
buy,biomesoplenty:mangrove_fence,16,5,,,
buy,biomesoplenty:magic_fence,16,5,,,
buy,biomesoplenty:fir_fence,16,5,,,
buy,biomesoplenty:cherry_fence,16,5,,,
buy,biomesoplenty:sacred_oak_fence,16,5,,,
buy,biomesoplenty:ethereal_fence,16,5,,,
buy,biomesoplenty:umbran_fence,16,5,,,
buy,biomesoplenty:cherry_fence_gate,16,5,,,
buy,biomesoplenty:sacred_oak_fence_gate,16,5,,,
buy,biomesoplenty:eucalyptus_fence,16,5,,,
buy,biomesoplenty:ebony_fence,16,5,,,
buy,biomesoplenty:mahogany_fence,16,5,,,
buy,biomesoplenty:jacaranda_fence,16,5,,,
buy,biomesoplenty:hellbark_fence,16,5,,,
buy,biomesoplenty:pine_fence,16,5,,,
buy,biomesoplenty:willow_fence,16,5,,,
buy,biomesoplenty:pine_fence_gate,16,5,,,
buy,biomesoplenty:willow_fence_gate,16,5,,,
buy,biomesoplenty:redwood_fence_gate,16,5,,,
buy,biomesoplenty:palm_fence_gate,16,5,,,
buy,biomesoplenty:mangrove_fence_gate,16,5,,,
buy,biomesoplenty:magic_fence_gate,16,5,,,
buy,biomesoplenty:ethereal_fence_gate,16,5,,,
buy,biomesoplenty:fir_fence_gate,16,5,,,
buy,biomesoplenty:terrarium:9,16,5,,,
buy,biomesoplenty:terrarium:10,16,5,,,
buy,biomesoplenty:terrarium:11,16,5,,,
buy,biomesoplenty:terrarium:12,16,5,,,
buy,biomesoplenty:terrarium:13,16,5,,,
buy,biomesoplenty:terrarium:14,16,5,,,
buy,biomesoplenty:terrarium:15,16,5,,,
buy,biomesoplenty:jar_filled:1,16,5,,,
buy,biomesoplenty:redwood_door,16,5,,,
buy,biomesoplenty:palm_door,16,5,,,
buy,biomesoplenty:mangrove_door,16,5,,,
buy,biomesoplenty:magic_door,16,5,,,
buy,biomesoplenty:ethereal_door,16,5,,,
buy,biomesoplenty:fir_door,16,5,,,
buy,biomesoplenty:umbran_door,16,5,,,
buy,biomesoplenty:cherry_door,16,5,,,
buy,biomesoplenty:sacred_oak_door,16,5,,,
buy,biomesoplenty:ebony_door,16,5,,,
buy,biomesoplenty:mahogany_door,16,5,,,
buy,biomesoplenty:jacaranda_door,16,5,,,
buy,biomesoplenty:hellbark_door,16,5,,,
buy,biomesoplenty:pine_door,16,5,,,
buy,biomesoplenty:willow_door,16,5,,,
buy,biomesoplenty:eucalyptus_door,16,5,,,
buy,biomesoplenty:terrarium:8,16,5,,,
buy,biomesoplenty:terrarium:7,16,5,,,
buy,biomesoplenty:terrarium:6,16,5,,,
buy,biomesoplenty:terrarium:1,16,5,,,
buy,biomesoplenty:terrarium:2,16,5,,,
buy,biomesoplenty:terrarium:3,16,5,,,
buy,biomesoplenty:terrarium:4,16,5,,,
buy,biomesoplenty:terrarium:5,16,5,,,
buy,biomesoplenty:terrarium,16,5,,,
buy,biomesoplenty:jar_filled:1,16,5,,,
buy,biomesoplenty:jar_filled,16,5,,,
buy,tombstone:scroll_buff:8,16,5,,,
buy,tombstone:tablet_of_recall.withTag({}),16,5,,,
buy,tombstone:tablet_of_recall.withTag({ancient: 1 as byte}),16,5,,,
buy,tombstone:tablet_of_home,16,5,,,
buy,tombstone:tablet_of_home.withTag({ancient: 1 as byte}),16,5,,,
buy,tombstone:tablet_of_assistance,16,5,,,
buy,tombstone:tablet_of_assistance.withTag({ancient: 1 as byte}),16,5,,,
buy,tombstone:tablet_of_cupidity,16,5,,,
buy,tombstone:tablet_of_cupidity.withTag({ancient: 1 as byte}),16,5,,,
buy,comforts:hammock:8,16,5,,,
buy,comforts:hammock:7,16,5,,,
buy,comforts:hammock:6,16,5,,,
buy,comforts:hammock:5,16,5,,,
buy,comforts:hammock:4,16,5,,,
buy,comforts:hammock:3,16,5,,,
buy,comforts:hammock:2,16,5,,,
buy,comforts:hammock:1,16,5,,,
buy,comforts:hammock,16,5,,,
buy,comforts:rope,16,5,,,
buy,comforts:hammock:15,16,5,,,
buy,comforts:hammock:14,16,5,,,
buy,comforts:hammock:13,16,5,,,
buy,comforts:hammock:12,16,5,,,
buy,comforts:hammock:11,16,5,,,
buy,comforts:hammock:10,16,5,,,
buy,comforts:hammock:9,16,5,,,
buy,comforts:hammock:8,16,5,,,
buy,tombstone:scroll_buff:7,16,5,,,
buy,tombstone:scroll_buff:6,16,5,,,
buy,tombstone:scroll_buff:5,16,5,,,
buy,tombstone:scroll_buff:4,16,5,,,
buy,tombstone:scroll_buff:3,16,5,,,
buy,tombstone:scroll_buff:2,16,5,,,
buy,tombstone:scroll_buff:1,16,5,,,
buy,tombstone:scroll_buff,16,5,,,
buy,tombstone:scroll_of_knowledge,16,5,,,
buy,divinerpg:ender_stone_lamp,16,5,,,
buy,divinerpg:gold_lamp,16,5,,,
buy,divinerpg:ice_lamp,16,5,,,
buy,divinerpg:jungle_lamp,16,5,,,
buy,divinerpg:kraken_lamp,16,5,,,
buy,divinerpg:netherite_lamp,16,5,,,
buy,divinerpg:realmite_lamp,16,5,,,
buy,divinerpg:redstone_ore_lamp,16,5,,,
buy,divinerpg:rupee_lamp,16,5,,,
buy,divinerpg:hellspider_pumpkin,16,5,,,
buy,divinerpg:glacon_pumpkin,16,5,,,
buy,divinerpg:ghast_pumpkin,16,5,,,
buy,divinerpg:frost_pumpkin,16,5,,,
buy,divinerpg:ender_watcher_pumpkin,16,5,,,
buy,divinerpg:ender_pumpkin,16,5,,,
buy,divinerpg:cyclops_pumpkin,16,5,,,
buy,divinerpg:creeper_pumpkin,16,5,,,
buy,divinerpg:blaze_pumpkin,16,5,,,
buy,divinerpg:zombie_pumpkin,16,5,,,
buy,divinerpg:spider_pumpkin,16,5,,,
buy,divinerpg:skeleton_pumpkin,16,5,,,
buy,divinerpg:jungle_spider_pumpkin,16,5,,,
buy,divinerpg:hellspider_pumpkin,16,5,,,
buy,divinerpg:ender_lamp,16,5,,,
buy,divinerpg:eden_lamp,16,5,,,
buy,divinerpg:draken_lamp,16,5,,,
buy,divinerpg:divine_lamp,16,5,,,
buy,divinerpg:diamond_lamp,16,5,,,
buy,divinerpg:bluefire_lamp,16,5,,,
buy,divinerpg:blaze_lamp,16,5,,,
buy,divinerpg:arlemite_lamp,16,5,,,
buy,divinerpg:aqua_lamp,16,5,,,
buy,divinerpg:molten_lamp,16,5,,,
buy,divinerpg:milky_lamp,16,5,,,
buy,divinerpg:lava_lamp,16,5,,,
buy,divinerpg:lapis_lazuli_lamp,16,5,,,
buy,"minecraft:splash_potion.withTag({Potion: ""mod_lavacow:corrosive""})",16,5,,,
buy,"minecraft:splash_potion.withTag({Potion: ""mod_lavacow:strong_corrosive""})",16,5,,,
buy,"minecraft:splash_potion.withTag({Potion: ""mod_lavacow:long_corrosive""})",16,5,,,
buy,"minecraft:splash_potion.withTag({Potion: ""mod_lavacow:foulodor""})",16,5,,,
buy,"minecraft:splash_potion.withTag({Potion: ""mod_lavacow:long_foulodor""})",16,5,,,
buy,"minecraft:splash_potion.withTag({Potion: ""mod_lavacow:infestation""})",16,5,,,
buy,"minecraft:splash_potion.withTag({Potion: ""mod_lavacow:strong_infestation""})",16,5,,,
buy,"minecraft:splash_potion.withTag({Potion: ""mod_lavacow:long_infestation""})",16,5,,,
buy,"minecraft:splash_potion.withTag({Potion: ""mod_lavacow:strong_fragile""})",16,5,,,
buy,divinerpg:rupee_lamp,16,5,,,
buy,divinerpg:blue_fence,16,5,,,
buy,divinerpg:green_fence,16,5,,,
buy,divinerpg:red_fence,16,5,,,
buy,divinerpg:spike_block,16,5,,,
buy,divinerpg:rainbow_wool,16,5,,,
buy,divinerpg:plank_design,16,5,,,
buy,divinerpg:milk_stone,16,5,,,
buy,divinerpg:fancy_wool,16,5,,,
buy,divinerpg:darkstone,16,5,,,
buy,divinerpg:checker,16,5,,,
buy,divinerpg:blue_stone,16,5,,,
buy,divinerpg:hot_spike_block,16,5,,,
buy,divinerpg:red_candy_cane,16,5,,,
buy,divinerpg:pink_candy_cane,16,5,,,
buy,divinerpg:green_candy_cane,16,5,,,
buy,divinerpg:blue_candy_cane,16,5,,,
buy,divinerpg:yellow_candy_cane,16,5,,,
buy,divinerpg:red_christmas_lights,16,5,,,
buy,divinerpg:green_christmas_lights,16,5,,,
buy,divinerpg:blue_christmas_lights,16,5,,,
buy,divinerpg:purple_christmas_lights,16,5,,,
buy,divinerpg:yellow_christmas_lights,16,5,,,
buy,divinerpg:arcanite_tubes,16,5,,,
buy,divinerpg:eden_torch,16,5,,,
buy,divinerpg:dungeon_lamp,16,5,,,
buy,"minecraft:splash_potion.withTag({Potion: ""mod_lavacow:fragile""})",16,5,,,
buy,malisisdoors:curtain_orange,16,5,,,
buy,malisisdoors:curtain_magenta,16,5,,,
buy,malisisdoors:curtain_light_blue,16,5,,,
buy,malisisdoors:curtain_yellow,16,5,,,
buy,malisisdoors:curtain_lime,16,5,,,
buy,malisisdoors:curtain_pink,16,5,,,
buy,malisisdoors:curtain_gray,16,5,,,
buy,malisisdoors:curtain_silver,16,5,,,
buy,malisisdoors:curtain_purple,16,5,,,
buy,"minecraft:splash_potion.withTag({Potion: ""mod_lavacow:long_fragile""})",16,5,,,
buy,"minecraft:potion.withTag({Potion: ""enderskills:potion_type_endurance_regen_effect_normal""})",16,5,,,
buy,"minecraft:potion.withTag({Potion: ""enderskills:potion_type_endurance_effect_strong""})",16,5,,,
buy,"minecraft:potion.withTag({Potion: ""enderskills:potion_type_endurance_effect_normal""})",16,5,,,
buy,"minecraft:potion.withTag({Potion: ""enderskills:potion_type_ability_power_effect_normal""})",16,5,,,
buy,"minecraft:potion.withTag({Potion: ""enderskills:potion_type_ability_power_effect_long""})",16,5,,,
buy,"minecraft:potion.withTag({Potion: ""enderskills:potion_type_ability_power_effect_strong""})",16,5,,,
buy,"minecraft:potion.withTag({Potion: ""enderskills:potion_type_cooldown_effect_normal""})",16,5,,,
buy,"minecraft:potion.withTag({Potion: ""enderskills:potion_type_cooldown_effect_long""})",16,5,,,
buy,"minecraft:potion.withTag({Potion: ""enderskills:potion_type_cooldown_effect_strong""})",16,5,,,
buy,"minecraft:potion.withTag({Potion: ""enderskills:potion_type_endurance_regen_effect_strong""})",16,5,,,
buy,"minecraft:potion.withTag({Potion: ""enderskills:potion_type_endurance_regen_effect_long""})",16,5,,,
buy,mod_lavacow:holy_grenade,16,5,,,
buy,mod_lavacow:cursed_bandage:3,16,5,,,
buy,mod_lavacow:cursed_bandage:2,16,5,,,
buy,mod_lavacow:cursed_bandage:1,16,5,,,
buy,mod_lavacow:cursed_bandage,16,5,,,
buy,malisisdoors:shoji_door,16,5,,,
buy,malisisdoors:factory_door,16,5,,,
buy,malisisdoors:laboratory_door,16,5,,,
buy,malisisdoors:jail_door,16,5,,,
buy,malisisdoors:iron_sliding_door,16,5,,,
buy,malisisdoors:wood_sliding_door,16,5,,,
buy,mcpaint:stamp,16,5,,,
buy,mcpaint:brush,16,5,,,
buy,malisisdoors:curtain_white,16,5,,,
buy,malisisdoors:curtain_cyan,16,5,,,
buy,malisisdoors:customdooritem,16,5,,,
buy,malisisdoors:rustyladder,16,5,,,
buy,malisisdoors:curtain_black,16,5,,,
buy,malisisdoors:curtain_red,16,5,,,
buy,malisisdoors:curtain_green,16,5,,,
buy,malisisdoors:curtain_brown,16,5,,,
buy,malisisdoors:curtain_blue,16,5,,,
buy,malisisdoors:big_door_spruce_3x3,16,5,,,
buy,malisisdoors:big_door_oak_3x3,16,5,,,
buy,malisisdoors:carriage_door,16,5,,,
buy,malisisdoors:garage_door,16,5,,,
buy,malisisdoors:sliding_trapdoor,16,5,,,
buy,malisisdoors:saloon,16,5,,,
buy,malisisdoors:medieval_door,16,5,,,
buy,malisisdoors:verticalhatch,16,5,,,
buy,malisisdoors:rustyladder,16,5,,,
buy,malisisdoors:rustyhandle,16,5,,,
buy,malisisdoors:rustyhatch,16,5,,,
buy,malisisdoors:big_door_rusty_3x3,16,5,,,
buy,malisisdoors:big_door_iron_3x3,16,5,,,
buy,malisisdoors:big_door_dark_oak_3x3,16,5,,,
buy,malisisdoors:big_door_acacia_3x3,16,5,,,
buy,malisisdoors:big_door_jungle_3x3,16,5,,,
buy,malisisdoors:big_door_birch_3x3,16,5,,,
buy,malisisdoors:hitechdoor,16,5,,,
buy,quark:colored_item_frame,16,5,,,
buy,quark:colored_item_frame:1,16,5,,,
buy,quark:colored_item_frame:2,16,5,,,
buy,quark:colored_item_frame:3,16,5,,,
buy,quark:colored_item_frame:4,16,5,,,
buy,quark:colored_item_frame:5,16,5,,,
buy,quark:colored_item_frame:9,16,5,,,
buy,quark:colored_item_frame:10,16,5,,,
buy,quark:colored_item_frame:11,16,5,,,
buy,theaurorian:silentwoodladder,16,5,,,
buy,twilightforest:iron_ladder,16,5,,,
buy,divinerpg:arcanite_tubes,16,5,,,
buy,quark:paper_lantern,16,5,,,
buy,quark:iron_ladder,16,5,,,
buy,quark:paper_wall_sakura,16,5,,,
buy,quark:paper_wall_big,16,5,,,
buy,quark:paper_lantern:1,16,5,,,
buy,quark:colored_flowerpot_silver,16,5,,,
buy,quark:colored_flowerpot_gray,16,5,,,
buy,quark:colored_flowerpot_pink,16,5,,,
buy,quark:colored_flowerpot_lime,16,5,,,
buy,quark:colored_flowerpot_yellow,16,5,,,
buy,quark:colored_flowerpot_light_blue,16,5,,,
buy,quark:colored_flowerpot_magenta,16,5,,,
buy,quark:colored_flowerpot_orange,16,5,,,
buy,quark:colored_flowerpot_white,16,5,,,
buy,quark:colored_flowerpot_black,16,5,,,
buy,quark:colored_flowerpot_red,16,5,,,
buy,quark:colored_flowerpot_green,16,5,,,
buy,quark:colored_flowerpot_brown,16,5,,,
buy,quark:colored_flowerpot_blue,16,5,,,
buy,quark:colored_flowerpot_cyan,16,5,,,
buy,quark:colored_flowerpot_purple,16,5,,,
buy,quark:colored_item_frame:8,16,5,,,
buy,quark:colored_item_frame:7,16,5,,,
buy,quark:colored_item_frame:6,16,5,,,
buy,sakura:noren_white,16,5,,,
buy,theaurorian:lavenderseeds,16,5,,,
buy,theaurorian:lavender,16,5,,,
buy,theaurorian:lavenderbread,16,5,,,
buy,theaurorian:livingdiviningrod,16,5,,,
buy,theaurorian:silkberry,16,5,,,
buy,theaurorian:silkberryjam,16,5,,,
buy,theaurorian:silkberryjamsandwich,16,5,,,
buy,theaurorian:silkshroomstew,16,5,,,
buy,quark:colored_item_frame:15,16,5,,,
buy,quark:colored_item_frame:14,16,5,,,
buy,quark:colored_item_frame:12,16,5,,,
buy,quark:colored_item_frame:13,16,5,,,
buy,quark:glass_item_frame,16,5,,,
buy,sakura:white_lantern,16,5,,,
buy,sakura:red_lantern,16,5,,,
buy,sakura:mossy_stone_lantern,16,5,,,
buy,sakura:cobblestone_lantern,16,5,,,
buy,sakura:stone_lantern,16,5,,,
buy,sakura:windbell,16,5,,,
buy,sakura:bamboo_lantern,16,5,,,
buy,sakura:tatami_ns_carpet,16,5,,,
buy,sakura:tatami_tan_ns_carpet,16,5,,,
buy,sakura:tatami_carpet,16,5,,,
buy,sakura:tatami_tan_carpet,16,5,,,
buy,sakura:zabuton,16,5,,,
buy,sakura:taiko,16,5,,,
buy,sakura:andon,16,5,,,
buy,sakura:shoji.withTag({type: 5}) ,16,5,,,
buy,sakura:shoji.withTag({type: 4}),16,5,,,
buy,sakura:shoji.withTag({type: 3}),16,5,,,
buy,sakura:shoji.withTag({type: 2}),16,5,,,
buy,sakura:shoji.withTag({type: 1}),16,5,,,
buy,sakura:shoji.withTag({type: 0}),16,5,,,
buy,sakura:noren_pink,16,5,,,
buy,sakura:noren_blue,16,5,,,
buy,twilightforest:twilight_sapling:4,16,5,,,
buy,theaurorian:teasilkberry,16,5,,,
buy,theaurorian:teaseedy,16,5,,,
buy,theaurorian:teapetunia,16,5,,,
buy,theaurorian:tealavender,16,5,,,
buy,theaurorian:weepingwillowsap,16,5,,,
buy,theaurorian:moontemplelamp,16,5,,,
buy,theaurorian:urn,16,5,,,
buy,twilightforest:twilight_sapling:6,16,5,,,
buy,twilightforest:twilight_sapling:9,16,5,,,
buy,twilightforest:twilight_sapling:8,16,5,,,
buy,twilightforest:twilight_sapling:7,16,5,,,
buy,twilightforest:twilight_sapling:4,16,5,,,
buy,twilightforest:twilight_sapling:3,16,5,,,
buy,twilightforest:twilight_sapling:2,16,5,,,
buy,twilightforest:twilight_sapling:1,16,5,,,
buy,twilightforest:twilight_sapling,16,5,,,
